kaisin,käisin
problem,probleem
voi,või
elanikutele,elanikele
präegu,praegu
restoraanis,restoranis
võttan,võtan
ettevõtes,ettevõttes
jatkub,jätkub
koerat,koera
laupaeval,laupäeval
lõppetada,lõpetada
mittu,mitu
naiteks,näiteks
pakkun,pakun
prüügi,prügi
räägisime,rääkisime
seminaari,seminari
siiamani,siiamaani
sõpraga,sõbraga
teenusi,teenuseid
ääremadel,ääremaadel
abivalmsad,abivalmis
hakkata,hakata
hasti,hästi
kokkuvõteks,kokkuvõtteks
lasteajas,lasteaias
nadalavahetusel,nädalavahetusel
opera,ooper
pakkub,pakub
pois,poiss
preagu,praegu
päras,pärast
radiot,raadiot
räägis,rääkis
seminaaril,seminaril
soobib,sobib
teisse,teise
uudisi,uudiseid
ööelda,öelda
aadres,aadress
aitah,aitäh
alkohool,alkohol
anan,annan
baleti,balleti
balett,ballett
budjeti,büdžeti
büüsnes,bisnis
digiseadmet,digiseadet
diskusioon,diskussioon
elanikute,elanike
ettekannega,ettekandega
ettendus,etendus
hakab,hakkab
hottelis,hotellis
inimeseid,inimesi
inimised,inimesed
internett,internet
jargmisel,järgmisel
jõib,jõi
kaisid,käisid
kaisime,käisime
klaassika,klassika
klasskaaslastega,klassikaaslastega
kogenenud,kogenud
koleegid,kolleegid
koogu,kogu
kulada,kuulata
kulan,kuulan
kultuuritest,kultuuridest
kuulud,kuulsad
kvaliteed,kvaliteet
käsin,käisin
kättes,kätes
lastedega,lastega
lastedele,lastele
laulas,laulis
leidan,leian
leppime,lepime
lepungu,lepingu
loetasin,lugesin
luhikesed,lühikesed
lõppus,lõpus
meldivad,meeldivad
moosikandid,moosekandid
museumisse,muuseumisse
mutub,muutub
märkanud,märganud
mõtetu,mõttetu
ni,nii
niimelt,nimelt
oleb,on
parast,pärast
pensionääre,pensionäre
pikkad,pikad
politikad,poliitikad
proekte,projekte
prügikasteid,prügikaste
päistas,paistis
restavreeritud,restaureeritud
rääkime,räägime
saitis,saidis
se,see
seminaar,seminar
spoordiga,spordiga
sõbrade,sõprade
sõbradega,sõpradega
sõe,soe
sündime,sünnime
tebepäeval,teabepäeval
teenuspakkuja,teenusepakkuja
teenuspakkujaga,teenusepakkujaga
televiirosit,televiisorit
tootasid,töötasid
tutav,tuttav
tä,ta
töötervisehoiuarsti,töötervishoiuarsti
tööõhkond,tööõhkkond
valismaalt,välismaalt
veadest,vigadest
vimastel,viimastel
väikset,väikest
võttaks,võtaks
õnnetusjutumite,õnnetusjuhtumite
1-kuudne,1-kuune
IT-spetsialisid,IT-spetsialistid
IT-spetsialistija,IT-spetsialist
USB-kabel,USB-kaabel
aabikasa,abikaasa
aabikasaga,abikaasaga
aaddresil,aadressil
aadresil,aadressil
aadressadil,adressaadil
aasatal,aastal
abivalmised,abivalmis
aderssil,aadressil
adressil,aadressil
aesmisel,eelmisel
aidat,aitad
aitage,aidake
aitähh,aitäh
ajaased,asjad
ajakirjakuna,ajakirjanikuna
ajakirje,ajakirju
ajakirjud,ajakirjad
ajakirjutega,ajakirjadega
ajakirjutele,ajakirjadele
ajalehedel,ajalehtedel
ajalt-ajani,aeg-ajalt
aktuuaalne,aktuaalne
alganud,alanud
alkohoolijoobes,alkoholijoobes
alkohoolijoovet,alkoholijoovet
allaealistele,alaealistele
alleergia,allergia
allikaseid,allikaid
ametnikute,ametnike
ananasiga,ananassiga
andate,annate
anetust,annetust
ange,andke
annama,andma
antiikesemad,antiikesemed
antnud,antud
apriilis,aprillis
aredamiseks,arendamiseks
areena,areen
arengutamesel,arengutasemel
arenumaks,arenenumaks
arhitekturist,arhitektuurist
armasame,armastame
artikled,artiklid
artikles,artiklis
aruannega,aruandega
arusaadev,arusaadav
arvatatakse,arvatakse
asfaalt,asfalt
asile,asjale
asjandlikult,asjatundlikult
astat,aastat
asuse,asutuse
atraakiviselt,atraktiivselt
autojuh,autojuht
autojuhidest,autojuhtidest
automat,automaat
autsalt,ausalt
avatamiseks,avastamiseks
avatan,avan
balettist,balletist
band,bänd
bandist,bändist
bensin,bensiin
blogiat,blogijad
bohemlaased,boheemlased
boršš,borš
botanikaaed,botaanikaaed
broonerida,broneerida
degu,deegu
detektiived,detektiivid
digialiseeritud,digiteeritud
digitaaliseerivas,digiteerivas
direektor,direktor
diseadmetesse,digiseadmetesse
diskusiooni,diskussiooni
dramma,draama
drammatiliselt,dramaatiliselt
e.-kiri,e-kiri
ebrot,eurot
eelkoolnikutele,eelkoolikutele
eelsitavad,eelistavad
ehitattakse,ehitatakse
ehutasin,ehmatasin
ei kai,ei käi
ei pakku,ei paku
ei rikku,ei riku
ei suuta,ei suuda
ei tekki,ei teki
ei tunnu,ei tundu
ei töö,ei tööta
ei tööda,ei tööta
ekka,ikka
eksemplaari,eksemplari
ekskursion,ekskursioon
ekspordit,eksporti
elanikkele,elanikele
elanikonna,elanikkonna
elanikudest,elanikest
elanikuid,elanikke
elanikutest,elanikest
elanilule,elanikule
elegaantne,elegantne
elevad,elavad
elistan,eelistan
elmine,eelmine
elnikud,elanikud
elutustaset,elatustaset
eluvision,eluvisioon
energeline,energiline
enesestmõistatav,enesestmõistetav
ennesekindel,enesekindel
ennetutööd,ennetustööd
ensüklopeediaid,entsüklopeediaid
entüklopeedia,entsüklopeedia
erakoralise,erakorralise
ergsaks,erksaks
erijala,eriala
esialugu,esialgu
esmaspäevoti,esmaspäeviti
ettekannele,ettekandele
ettendused,etendused
ettenduseid,etendusi
ettendusi,etendusi
ettepanekku,ettepanekut
ettevõttete,ettevõtete
ettevõttetele,ettevõtetele
ezoterikat,esoteerikat
fanatastikat,fantastikat
fenomeeniks,fenomeniks
fiiltrid,filtrid
finanseerida,finantseerida
firmaid,firmasid
fään,fänn
galerejas,galeriis
garaasis,garaažis
garanteerub,garanteerib
gettod,getod
globaliseerumiskonveretsid,globaliseerumiskonverentsid
globaliseeumiskonverentsil,globaliseerumiskonverentsil
gnom,gnoom
grup,grupp
gruppijuhina,grupijuhina
gumnaasiumis,gümnaasiumis
haigesed,haigused
haiglasid,haiglaid
heat,head
hed,head
helesta,helista
helistä,helista
hinned,hinnad
hirmustavat,hirmutavat
hobbist,hobist
hoiakse,hoitakse
hoidaksid,hoiaksid
hoiduselts,hoiuselts
holdused,hooldused
holitseda,hoolitseda
holitsema,hoolitsema
homikul,hommikul
hoolodamiseks,hooldamiseks
hoome,homme
hotteli,hotelli
hund,hind
huvitavadega,huvitavatega
häsi,hästi
hõda,hoida
hüppada,hüpata
hüppata,hüpata
ideeid,ideid
identideeti,identiteeti
igutsesin,igatsesin
ikagi,ikkagi
ilusade,ilusate
imselt,ilmselt
indentideedi,identiteedi
indentiteeti,identiteeti
inemesega,inimesega
inemest,inimest
infotenoloogia,infotehnoloogia
inglesi,inglise
inimees,inimene
inimste,inimeste
ininene,inimene
instaleerida,installeerida
internetitõrged,internetitõrked
internetportaale,internetiportaale
intervju,intervjuu
intilligeensuse,intelligentsuse
iselomuga,iseloomuga
istukohad,istekohad
isuloom,iseloom
jaab,jääb
jai,jäi
jaladnõud,jalanõud
jalakäja,jalakäija
jalakäjateel,jalakäijateel
jalgpallistadiooni,jalgpallistaadioni
jalgrata,jalgratta
jalle,jälle
jalpalli,jalgpalli
jareleandmiseoskus,järeleandmiseoskus
jargi,järgi
jargige,järgige
jargmised,järgmised
jargmistel,järgmistel
jargusse,järku
jatasib,jätkas
jatavad,jätavad
jatku,jätku
jatta,jätta
jo,ja
joe,jõe
jon,joon
jooksab,jookseb
jooksta,joosta
jooneid,jooni
juhandajaga,juhatajaga
juhuslikkult,juhuslikult
jurdes,juures
jurvilja,juurvilja
juttustada,jutustada
juuba,juba
juurleta,juurteta
juutustusid,jutustusi
jälkaks,jätkaks
järjes,järjest
järmisel,järgmisel
jätmed,jäätmed
jäätavad,jätavad
jäätsid,jätsid
jäätsin,jätsin
jõuasime,jõudsime
jõutsuma,jõustuma
jõutsunud,jõustunud
jögi,jõgi
kaa,ka
kaaldun,kaldun
kaaskodanikutele,kodanikutele
kabineetis,kabinetis
kaduvad,kaovad
kaebunud,kaevanud
kahekoruselises,kahekorruselises
kais,käis
kaita,käia
kaitseja,kaitsja
kamera,kaamera
kanaalid,kanalid
kand,kant
kanditatuur,kandidatuur
kannatu,kannatanu
kappid,käpad
karjääripotensiaali,karjääripotentsiaali
kassipogadega,kassipoegadega
kassire,kassiire
kassit,kassi
kasulilikke,kasulikke
kasutatake,kasutatakse
kasutataske,kasutatakse
kasuttamist,kasutamist
kautu,kaudu
kehvam,kehvem
kellegile,kellelegi
kellegilt,kelleltki
keppiga,kepiga
keskond,keskkond
kiimba,kliima
kiirema,kiiremalt
kiirikus,kirikus
kiiristab,kiirustab
kilometrit,kilomeetrit
kilot,kilo
kindlati,kindlasti
kinglasti,kindlasti
kinkin,kingin
kinnos,kinos
kinnose,kinno
kirjanud,kirjutanud
kirjutavd,kirjutavad
klaasika,klassika
klasikaalne,klassikaline
klasikalised,klassikalised
klassikaaslade,klassikaaslased
klientid,kliendid
kodanikete,kodanike
kodanikutele,kodanikele
kodoumaatt,kodumaalt
kodulehtelt,kodulehelt
kodusloomad,koduloomad
kodümbrus,koduümbrus
koeraekskrimendid,koeraekskremendid
koeranaitusele,koeranäitusele
koeratele,koertele
koeriga,koeraga
kohalikkutel,kohalikel
kohte,kohta
kohtusine,kohtusime
kohusliku,kohustusliku
koige,kõige
koigepealt,kõigepealt
kojus,kodus
kokkuvõttet,kokkuvõtet
kolektiiviga,kollektiiviga
kolektsioon,kollektsioon
kolleegeid,kolleege
kolleegia,kolleegid
kollegidega,kolleegidega
kollegidelt,kolleegidelt
kollektivis,kollektiivis
kolletiivis,kollektiivis
komete,kommete
kommissar,komissar
kompaniad,kampaaniad
kompaniate,kampaaniate
kompetensete,kompetentsete
kompromissit,kompromissi
konferentse,konverentse
konkretsel,konkreetsel
konkurentsivõimalikuks,konkurentsivõimeliseks
konkursite,konkursside
kontoor,kontor
kontooris,kontoris
kontrolida,kontrollida
kontrolisime,kontrollisime
kontsedile,kontserdile
kontserd,kontsert
kontserdeid,kontserte
kontserdit,kontserti
kontsertiga,kontserdiga
kontsertile,kontserdile
kontsertis,kontserdis
konverendsil,konverentsil
konverentsel,konverentsil
koodus,kodus
koogemus,kogemus
kooleegidega,kolleegidega
koolin,kolin
koolitud,koolitatud
kooristajad,koristajad
kooristajat,koristajat
korda,korda
korisdada,koristada
korm,kord
korralukult,korralikult
korristab,koristab
korristada,koristada
korristama,koristama
korristamist,koristamist
korristan,koristan
korusel,korrusel
kreveetiga,krevetiga
kriiminal,kriminaal
kubakeskus,kaubakeskus
kugo,kogu
kuhugil,kusagil
kuhugile,kuhugi
kukkuvad,kukuvad
kulasime,kuulasime
kulasin,kuulasin
kulgedel,külgedel
kultuurelu,kultuurielu
kultuuriasustusi,kultuuriasutusi
kultuurikaindjaid,kultuurikandjaid
kultuurite,kultuuride
kulujutte,kuulujutte
kuluvad,kuuluvad
kuritegija,kurjategija
kuritegijad,kurjategijad
kuritegijaid,kurjategijaid
kuritegijal,kurjategijal
kuritegijate,kurjategijate
kuriteodega,kuritegudega
kursidega,kurssidega
kusida,küsida
kustsusin,kutsusin
kutsutada,kutsuda
kutsutan,kutsun
kuttikas,kutsikas
kuttikast,kutsikast
kuuesandal,kuuendal
kuuleriga,kulleriga
kuulutusid,kuulutusi
käisit,käisid
käisivad,käisid
käja,käia
käsisin,käisin
kõikedele,kõikidele
kõikega,kõigega
kõikevõimalikku,kõikvõimalikku
kõkjal,kõikjal
kõnniteidele,kõnniteedele
kökki,kooki
köögiretseptit,köögiretseptid
külalislektore,külalislektoreid
külasin,kuulsin
külk,külg
küpsitasib,küpsetas
küüla,külla
lagundab,laguneb
laheb,läheb
lahedada,lahendada
lahedal,lähedal
lahema,läheme
laheme,läheme
laiaim,laiem
laksin,läksin
lambikoer,lambakoer
lampid,lambid
lapsedega,lastega
lapseholduspuhkusel,lapsehoolduspuhkusel
lapsipõlvenist,lapsepõlvest
lasteajadega,lasteaedadega
laulajaid,lauljaid
lemiklooma,lemmiklooma
lennukuga,lennukiga
lepida,leppida
lihstatud,lihtsustatud
lihtsal,lihtsalt
liidude,liitude
liiged,liikmed
liigipääs,ligipääs
liigipääsu,ligipääsu
liikelda,liigelda
liiklusõnnestuses,liiklusõnnetuses
linnaelanikudel,linnaelanikel
linnastastumise,linnastumise
linnustamine,linnastumine
linnustumisel,linnastumisel
loetada,lugeda
lookid,lokid
loomag,loomad
lugen,loen
lugete,loete
lugetud,loetud
lugitud,lukustatud
lugupeatud,lugupeetud
lugupeeteud,lugupeetud
lugupetud,lugupeetud
lugupidev,lugupidav
lugupidevalt,lugupidavalt
lumis,lumes
luugeda,lugeda
luugupeetud,lugupeetud
läbivaatlus,läbivaatus
läheta,minna
läupäeval,laupäeval
lõbuslik,lõbus
lõhuda,lõhkuda
lõpes,lõpus
lõpetasib,lõpetas
lõppetamist,lõpetamist
lõppetanud,lõpetanud
lõppisime,lõpetasime
lõppuks,lõpuks
lõppuni,lõpuni
lõpudeks,lõpetuseks
lõpunist,lõppemist
lõpõtada,lõpetada
lõun,lõuna
lõunadest,lõunatest
lükkati,lükati
maalmas,maailmas
maaral,määral
magisin,magasin
mailiga,meiliga
mailmaga,maailmaga
maitsvait,maitsvaid
majandusemmigrandid,majandusemigrandid
majanduslikkel,majanduslikel
maksuvad,maksvad
malamut,malamuut
mannipuleerimiseks,manipuleerimiseks
massmeedia,massimeedia
massmeedias,massimeedias
masstaabis,mastaabis
matematika,matemaatika
media,meedia
medial,meedial
meditsiinitöötajadest,meditsiinitöötajatest
meditsiinsfääri,meditsiinisfääri
meeda,meedia
meediga,meediaga
meedikanalite,meediakanalite
meediomanikkude,meediaomanike
meedis,meedias
meedita,meediata
meelelahujuse,meelelahutuse
meelelahustus,meelelahutus
meeres,meres
meetsas,metsas
mei,meie
meiel,meil
meldib,meeldib
meldiv,meeldiv
meldsam,meeldivam
meles,meelest
melgil,meeldib
merile,merele
meve,meie
milleaga,millega
minged,mingid
minusid,miinused
mite,mitte
mobiiloperaatorid,mobiilioperaatorid
moodel,mudel
mootorrattased,mootorrattad
motted,mõtted
muinasjuttud,muinasjutud
mujnasjuttu,muinasjuttu
muljedest,muljetest
museimus,muuseumis
museius,muuseumis
musemiumis,muuseumis
musiemisse,muuseumisse
musikad,muusikad
mustat,musta
muugav,mugav
muuseumise,muuseumisse
muuseumusid,muuseumisid
muuseuumis,muuseumis
muusiumis,muuseumis
muutas,muutus
muutusib,muutus
märgavalt,märgatavalt
märkata,märgata
määäral,määral
mõjutlege,mõjutage
mõtega,mõttega
mõteks,mõtteks
mõtelen,mõtlen
mõtes,mõttes
mõtlenud,mõelnud
müseum,muuseum
müüan,müün
müüana,müüjana
naen,
naeranud,naernud
naeras,naeris
naerta,naerda
naiseajakirju,naisteajakirju
ned,need
nedest,nendest
neju,neiu
nelikümend,nelikümmend
nimikirjaga,nimekirjaga
nimikirjast,nimekirjast
nimitatakse,nimetatakse
nind,ning
norem,noorem
normalne,normaalne
nu,no
nurgadest,nurkadest
nutitelefoonidele,nutitelefonidele
nädalavähetusel,nädalavahetusel
näerame,naerame
näga,näha
nägalavahetusel,nädalavahetusel
nägevad,näevad
nähk,nahk
näideks,näiteks
näidena,näitena
näiste,naiste
nälaga,nädalaga
närvisin,närveerisin
nõuannega,nõuandega
nõudakse,nõutakse
nõutatavat,nõutavat
odometri,odomeetri
oelen,olen
ohlikuid,ohtlikke
ohtusi,ohtusid
ohtusnõued,ohutusnõuded
ohutusnõued,ohutusnõuded
olavad,elavad
olukorradest,olukordadest
olut,õlut
omanikut,omanikku
omanikutele,omanikele
omavalistuse,omavalitsuse
omavalitsu,omavalitsus
onavalitsuse,omavalitsuse
onutütrale,onutütrele
oodavad,ootavad
ootades,oodates
ootasib,ootas
oppisime,õppisime
optimistiliselt,optimistlikult
orkestr,orkester
osama,oskama
ostamiseks,ostmiseks
ostasime,ostsime
ostasin,ostsin
ostsib,ostis
ostsusest,otsusest
otsusin,otsustasin
ottan,ootan
ovad,on
oötan,ootan
paasoskus,baasoskus
paeb,peab
paegu,praegu
paigades,paikades
paistas,paistis
paistasib,paistis
pakkud,pakud
pakkume,pakume
pakkutakse,pakutakse
pakkutav,pakutav
pakkuti,pakuti
pakkutud,pakutud
pakuda,pakkuda
palkaga,palgaga
pandu,pandud
pannus,panus
pantakse,pannakse
paraleelselt,paralleelselt
parfüümit,parfüümi
pargides,parkides
parit,pärit
parkis,pargis
peaegu,peaaegu
peave,peame
peetmiseks,petmiseks
peitakse,peidetakse
pensioneer,pensionär
pensionäär,pensionär
pensioonivanus,pensionivanus
pereit,pered
perekonnd,perekond
pergis,pargis
personaaliosokanno,personaliosakonna
personaaliotsingu,personaliotsingu
personaljuht,personalijuht
perspektiivit,perspektiivi
peseda,pesta
pesnionäärid,pensionärid
pidavalt,pidevalt
pidust,peost
pidutsime,pidutsesime
piidevalt,pidevalt
piileti,pileti
piiretleda,piiritleda
pikkajalist,pikaajalist
pikkalt,pikalt
pikkem,pikem
pildit,pilti
piletide,piletite
piratidest,piraatidest
pisiki,pisike
pitza,pitsa
plaanitkse,plaanitakse
plahvatuda,plahvatada
poled,pooled
politikaid,poliitikaid
poodile,poele
poodist,poest
poortal,portaal
poppulaarsete,populaarsete
portalis,portaalis
potensiaalset,potentsiaalset
praaegu,praegu
praega,praegu
praegy,praegu
pregu,praegu
printsiibe,printsiipe
probleemik,probleemiks
probleemit,probleemi
probleme,probleeme
problemi,probleemi
problemiga,probleemiga
proekt,projekt
proffesionalne,professionaalne
profilaktika,profülaktika
progmmi,programmi
prograam,programm
prograamiga,programmiga
program,programm
programid,programmid
programmeerist,programmeerimist
programne,programm
prombleemi,probleemi
promenad,promenaad
prooblem,probleem
propagandeeritakse,propageeritakse
propagondeerida,propageerida
propoganda,propaganda
propogandeerimine,propageerimine
provida,proovida
provime,proovime
provin,proovin
provisin,proovisin
prugikonteinerid,prügikonteinerid
prägu,praegu
psüholoogijast,psühholoogiast
psüholoogilised,psühholoogilised
psüholoogilist,psühholoogilist
puhapäeval,pühapäeval
puhkata,puhata
puhkume,puhkame
punansed,punased
purge,purke
purkondadel,piirkondadel
puudelid,pudelid
puudlikult,puudulikult
puudvad,puuduvad
puulehtes,puulehtedes
puvilja,puuvilja
päeb,päev
pärist,pärast
päästajad,päästjad
põhilesed,põhilised
põhimõteliselt,põhimõtteliselt
põhimõttete,põhimõtete
põhjustateks,põhjustajateks
põnevikut,põnevikku
pöörakse,pööratakse
pööratage,pöörake
pöördaksin,pöörduksin
pöördan,pöördun
pühapäiviti,pühapäeviti
püüakse,püütakse
püügima,püüdma
raamad,raamatud
raamatude,raamatute
raamatudele,raamatutele
raamaturiilist,raamaturiiulist
raamaturiulitest,raamaturiiulitest
raamatutuega,raamatutega
raamudest,raamatutest
raamutus,raamatus
radiost,raadiost
rahat,raha
rahuolematus,rahulolemastus
rahutunned,rahutunded
rahvasmuusikat,rahvamuusikat
rahvest,rahvast
rajatatud,rajatud
ramatuid,raamatuid
ramaturiiuleid,raamaturiiuleid
rammatud,raamatud
randakülastajad,rannakülastajad
rapputada,raputada
regularsed,regulaarsed
reklaameri,reklaami
remonteeritud,remonditud
remontin,remondin
renorveeritud,renoveeritud
restoraani,restorani
restoraanidega,restoranidega
riigide,riikide
riigidesse,riikidesse
riiulide,riiulite
rikkub,rikub
rongteel,rongiteel
rottid,rotid
rägime,räägime
rääggiti,räägiti
räägisin,rääkisin
räägitati,räägiti
rääkin,räägin
rääkind,rääkinud
rääkitud,räägitud
rõmuslik,rõõmus
rõõdu,rõdu
saaded,saated
saakite,saaksite
saat,saad
saatusin,sattusin
salada,salata
sallivuss,sallivuse
salon,salong
saloonis,salongis
saloonist,salongist
sattud,satud
seejäreel,seejärel
seeline,selline
seesse,sellesse
seiklusraamatuit,seiklusraamatuid
sekretäär,sekretär
selleparast,sellepärast
selliset,sellisest
seltkond,seltskond
seminaaris,seminaris
seminaarist,seminarist
seminariumi,seminari
sihekindlad,sihikindlad
sii,siis
siija,siia
sil,sel
silepärast,sellepärast
situatsion,situatsioon
situatsiooneid,situatsioone
skandalite,skandaalide
sober,sõber
soobis,sobis
soobiva,sobiva
soodsete,soodsate
soovitega,soovidega
sotsiaalmedia,sotsiaalmeedia
sotsiaalvõrgudes,sotsiaalvõrkudes
sotsiaasest,sotsiaalsest
sotsial,sotsiaal
spakeskus,spaakeskus
spetsiaalistide,spetsialistide
spordiplatseid,spordiplatse
sportiga,spordiga
sportiivne,sportlik
sportiplattsi,spordiplatsi
sportivselt,sportlikult
sportkompleksid,spordikompleksid
statiistikast,statistikast
statistikameti,statistikaameti
stess,stress
stiline,stiilne
stub,istub
suhela,suhelda
suhtleda,suhelda
suitsupakkid,suitsupakid
sunu,sinu
suplerandades,supelrandades
sureparane,suurepärane
surepärasest,suurepärasest
survata,surfata
suulle,sulle
suundinud,sündinud
suusid,suusad
suvil,suvel
sääravad,säravad
sõbraanraga,sõbrannaga
sõbradest,sõpradest
sõbralikute,sõbralike
sõbranadega,sõbrannadega
sõbrate,sõprade
sõidasin,sõitsin
sõidata,sõita
sõidma,sõitma
sõidsin,sõitsin
sõiduteet,sõiduteed
sõitsis,sõitis
sõlmiga,sõlmida
sõltima,sõlmima
sõnaraamad,sõnaraamatud
sõpraana,sõbranna
sõtmise,sõitmise
sõõin,sõin
söiduauto,sõiduauto
sünndinud,sündinud
sünnipäevat,sünnipäeva
süügisel,sügisel
süüja,süüa
süürfan,surfan
šanssid,šansid
šokkis,šokis
tagajärjedega,tagajärgedega
tagajärjeid,tagajärgi
tagajärjestega,tagajärgedega
tagal,taga
tahelepanelikud,tähelepanelikud
tahendab,tähendab
tahksib,tahtis
tahksin,tahtsin
tahtvad,tahavad
taimetega,taimedega
tais,täis
tale,talle
tana,täna
tanaval,tänaval
tansu,tantsu
tantsikluubi,tantsuklubi
tanävate,tänavate
tapatakse,tapetakse
tarkem,targem
tavaid,tavasid
teabepäevaid,teabepäevi
teadav,teada
teadlstele,teadlastele
teama,teadma
tebepäev,teabepäev
tebepäevasid,teabepäevasid
teemdele,teemadele
teenusupakkujat,teenusepakkujat
tegelib,tegeleb
tegelis,tegeles
tegelt,tegelikult
tegen,tegelen
tegisin,tegin
tehame,tahame
tehasi,tehaseid
tehniliine,tehniline
tehnologia,tehnoloogia
tehnoloogiauudistetega,tehnoloogiauudistega
teiel,teil
teiga,teiega
teineteistele,teineteisele
teiseid,teised
teiseldamiseks,teisaldamiseks
teisepäeval,teisipäeval
teisipaeval,teisipäeval
teje,teie
tekkitada,tekitada
tekkitamist,tekitamist
tekkitas,tekitas
tekkitud,tekkinud
telefooni,telefoni
telefooninumber,telefoninumber
telek,telekas
temea,tema
tenusepakkujaga,teenusepakkujaga
teretooriumi,territooriumi
tervi,tervis
tervides,tervitades
tervisehoid,tervishoid
tervisehoiu,tervishoiu
tervisehoiuarst,tervishoiuarst
tervisehoju,tervishoiu
terviserikket,terviseriket
tervisesõnaga,tervitussõnaga
tervishoisuministeerium,tervishoiuministeerium
tervisüritustest,terviseüritustest
tesipäeval,teisipäeval
tippspetcialistide,tippspetsialistide
toid,toit
toidpakendeid,toidupakendeid
toidumisega,toitumisega
toleraantne,tolerantne
tollerantne,tolerantne
tortiga,tordiga
tortisöömine,tordisöömine
traaktorijuhiga,traktorijuhiga
tragöödijaid,tragöödiaid
trenazöörid,trenažöörid
trepikodus,trepikojas
trotuari,trotuaari
tulemisi,tulemusi
tulemustetest,tulemustest
tulevikusest,tulevikust
tunma,tundma
tuntude,tuntud
turalisust,turvalisust
turvaintsitentide,turvaintsidentide
turvaintsitentidel,turvaintsidentidel
tutavad,tuttavad
tuttvun,tutvun
tutvadust,tuttavatest
tuuletõrjujatel,tuletõrjujatel
tägajärjed,tagajärjed
tähan,tahan
tähelepanelikusest,tähelepanelikkusest
täisest,teisest
täiskavanutele,täiskasvanutele
tänanpäevani,tänapäevani
tänapaeval,tänapäeval
tänasepäeval,tänapäeval
tänasepäevasega,tänapäevasega
tänavade,tänavate
tänavadel,tänavatel
tõisest,teisest
tõkspidamsi,tõekspidamisi
tõstetama,tõstatama
tõstetatud,tõstatatud
tõstmesega,tõstmisega
töesti,tõesti
töo,töö
töödeportamentis,töödeportametis
tööitab,töötab
tööitan,töötan
töökaslased,töökaaslased
töökeskond,töökeskkond
tööpaeviti,tööpäeviti
töörist,tööriist
tööristad,tööriistad
tööristana,tööriistana
tööspetsifiika,tööspetsiifika
tööt,tööd
töötajäd,töötajad
töötervisehoiu,töötervishoiu
töötervisehoiuga,töötervishoiuga
töötervishoiarstid,töötervishoiuarstid
töötuv,töötav
tööulesannete,tööülesannete
tööulesanneteks,tööülesanneteks
tööõhkkon,tööõhkkond
tööõhkkonn,tööõhkkond
tööõhkonnas,tööõhkkonnas
tööõkkond,tööõhkkond
tütraga,tütrega
tüüpid,tüübid
tšintsilad,tšintšiljad
udiseid,uudiseid
uheksa,üheksa
uhkledada,uhkeldada
uhtegi,ühtegi
uletamine,ületamine
ulevated,ülevaated
ulikooli,ülikooli
uritust,üritust
uudeseid,uudiseid
uudite,uudiste
uuditest,uudistest
uuendmata,uuendamata
uuetele,uutele
uuetest,uutest
vaabandan,vabandan
vaabrikuid,vabrikuid
vaadate,vaatate
vaana,vana
vaatada,vaadata
vaatamisvärsussi,vaatamisväärsusi
vaatenurkn,vaatenurka
vabatahlike,vabatahtlike
vabatahtlikut,vabatahtlikku
vadata,vaadata
vaike,väike
valedam,valem
valja,välja
vanaid,vanu
vanainimisi,vanainimesi
vanallinna,vanalinna
vanaseid,vanu
vanna,vana
varalikult,varakult
varasti,vanasti
variantid,variandid
vastage,vastake
vastakuid,vastakaid
vastast,vastust
vastav,vastutav
vastuda,vastata
vastusi,vastuseid
vastustab,vastutab
vastutundlik,vastutustundlik
vastutustundeline,vastutustundlik
vastuvõttav,vastuvõttev
vatama,vaatama
vebilehel,veebilehel
vedame,veedame
veedas,veetis
veedsime,veetsime
veenida,veenda
verderõhku,vererõhku
videopiliga,videopildiga
videosid,videoid
vihikustest,vihikutest
viideosid,videoid
viideote,videote
viietele,viitele
viietärnuhotellis,viietärnihotellis
viimasetgi,viimasedki
viisavad,viisakad
viisidi,visiidi
viist,vist
violid,viiulid
viskata,visata
voib,võib
voimalus,võimalus
voime,võime
voin,võin
vägilisi,vägisi
vähendumist,vähendamist
väikke,väike
väikkelinnades,väikelinnades
väiksetel,väikestel
väiksetes,väikestes
väikste,väikeste
väimalus,võimalus
väismaale,välismaale
väke,väike
väljasmaal,välismaal
väsine,väsi
väste,vasta
väälismaal,välismaal
võilevad,võileivad
võimale,võimaluse
võimaliki,võimalik
võimalikute,võimalike
võimalised,võimelised
võimsetest,võimsatest
võmalusi,võimalusi
võrdsaid,võrdseid
võtasin,võtsin
võtti,võti
võõrasmaal,võõramaal
äelda,öelda
äppis,äpis
äre,ärisid
äremaades,ääremaades
äres,ääres
ääremade,ääremaade
äärimees,ärimees
õhkond,õhkkond
õht,õhtu
õhtude,õhtute
õhtudes,õhtutes
õhtuliti,õhtuti
õpekava,õppekava
õpetakse,õpetatakse
õpilestele,õpilastele
õpis,õppis
õppetaksid,õpetaksid
õppetama,õpetama
õppiaeg,õpiaeg
õppik,õpik
õppikuid,õpikuid
õppilane,õpilane
õppilastele,õpilastele
õppime,õpime
õppitasime,õppisime
üelda,öelda
ühikondikest,ühiskondlikest
ühile,ühele
ükse,üks
ülatus,üllatus
ülehinnaata,ülehinnata
ülehommseks,ülehomseks
ülekanetega,ülekannetega
üliõppilane,üliõpilane
ülsaanete,ülesannete
ümarlaul,ümarlaual
ümbes,umbes
ümmarlauas,ümarlauas
ümruses,ümbruses
ürrin,üürin
üüritused,üritused
ennast,endast
erinevades,erinevates
esti,eesti
Gorbatshov,Gorbatšov
gruppi,grupi
gruppis,grupis
hakas,hakkas
hakkatakse,hakatakse
heat,head
hooaga,hooga
hooguga,hooga
Hrustshovi,Hruštšovi
hund,hunt
huvitavad,huvitavaid
Idamast,Idamaad
informatsioone,informatsiooni
inimesega,inimestega
inimest,inimesi
instrumentid,instrumendid
jaganud,jagatud
jures,juures
jõudma,jõudes
jätis,jättis
jääb,on jäänud
kaivad,käivad
kardasin,kartsin
kardis,kartis
kardsin,kartsin
kauplus,kaupluses
kaupluses,kauplusse
keelt,keel
kelt,keelt
kesklinnasse,kesklinna
kiirte,kiirtee
kinno,kinno
koike,kõike
kolaseks,kollaseks
kolmkümend,kolmkümmend
kolmküment,kolmkümmend
konkurssi,konkursi
kort,kord
kurs,kursus
kusk,kuusk
kõigidega,kõikidega
kõigidel,kõikidel
kõik,kõik
käisin,käisin
käsitse,käsitsi
küllas,külas
kümend,kümmend
küsiks,küsis
lammas,lamas
laulamine,laulmine
laulas,laulis
laulde,laulude
lauluvad,laulavad
lektoorid,lektorid
lennukjaam,lennujaam
liikub,liigub
liingile,lingile
lille,lilli
loengudest,loengutest
läbi,läbi
Läänemast,Läänemaast
lüsikas,lusikas
makaroonid,makaronid
maksu,maksu
meeldinud,meeldinud
Meiel,meil
meiele,meile
meldis,meeldis
mere,meri
model,mudel
murdab,murrab
muusikad,muusikat
mõttet,mõtted
mööblid,mööblit
nagid,nägid
Naiteks,Näiteks
need,nad
ni,nii
niimodi,niimoodi
Niimodi,Niimoodi
nime,nimi
nimet,nimelt
nimi,nime
nissugune,niisugune
nägi,ei näegi
nägisid,nägid
näided,näited
ola,olla
